{
"lengthUnit": "mil",
"components": {
	"fields": ["COMPONENT_NO", "COMPONENT_NAME", "LAYER", "X_COORDINATE", "Y_COORDINATE", "ANGLE"],
	"rows": [
		[1, "C12", "T", 995, 1160, 90],
		[2, "C13", "T", 1115, 1150, 90],
		[3, "C14", "T", 1045, 855, 90],
		[4, "C15", "T", 945, 860, 90],
		[5, "C20", "T", 495, 1135, 90],
		[6, "C21", "T", 330, 1270, 0],
		[7, "CARD1", "T", 656.79, 361.01, 90],
		[8, "FPC1", "T", 795, 1435, 0],
		[9, "R20", "T", 850, 1030, 0],
		[10, "R21", "T", 691.79, 681.01, 0],
		[11, "U9", "T", 1235, 1160, 270],
		[12, "U11", "T", 350, 1130, 0],
		[13, "U13", "T", 820, 875, 0],
		[14, "U20", "T", 1145, 375, 0]
	]
},
"pins": {
	"fields": ["PIN_NO", "PIN_NAME", "PIN_X", "PIN_Y", "LAYER", "PIN_TYPE", "NET_NAME", "NET_TYPE", "PAD_SHAPE", "PAD_SIZEX", "PAD_SIZEY", "HOLE_SIZE", "PAD_ANGLE"],
	"rows": [
		[1, "C12_1", 995, 1132.44, "T", "SMD", "+3.3V", "", "R", 31.5, 35.43, 0, 90],
		[2, "C12_2", 995, 1187.56, "T", "SMD", "GND", "GND", "R", 31.5, 35.43, 0, 90],
		[3, "C13_1", 1115, 1110.63, "T", "SMD", "+3.3V", "", "R", 55.51, 53.15, 0, 90],
		[4, "C13_2", 1115, 1189.37, "T", "SMD", "GND", "GND", "R", 55.51, 53.15, 0, 90],
		[5, "C14_1", 1045, 827.44, "T", "SMD", "+1.8V", "", "R", 31.5, 35.43, 0, 90],
		[6, "C14_2", 1045, 882.56, "T", "SMD", "GND", "GND", "R", 31.5, 35.43, 0, 90],
		[7, "C15_1", 945, 820.63, "T", "SMD", "+1.8V", "", "R", 55.51, 53.15, 0, 90],
		[8, "C15_2", 945, 899.37, "T", "SMD", "GND", "GND", "R", 55.51, 53.15, 0, 90],
		[9, "C20_1", 495, 1107.44, "T", "SMD", "$1N11358", "", "R", 31.5, 35.43, 0, 90],
		[10, "C20_2", 495, 1162.56, "T", "SMD", "$1N11304", "", "R", 31.5, 35.43, 0, 90],
		[11, "C21_1", 302.44, 1270, "T", "SMD", "$1N11390", "", "R", 31.5, 35.43, 0, 0],
		[12, "C21_2", 357.56, 1270, "T", "SMD", "GND", "GND", "R", 31.5, 35.43, 0, 0],
		[13, "CARD1_1", 717.82, 487, "T", "SMD", "CARD1_1", "", "R", 31.5, 59.05, 0, 90],
		[14, "CARD1_2", 717.82, 443.69, "T", "SMD", "SDCS", "", "R", 31.5, 59.05, 0, 90],
		[15, "CARD1_3", 717.82, 400.38, "T", "SMD", "MOSI", "", "R", 31.5, 59.05, 0, 90],
		[16, "CARD1_4", 717.82, 357.08, "T", "SMD", "+3.3V", "", "R", 31.5, 59.05, 0, 90],
		[17, "CARD1_5", 717.82, 313.77, "T", "SMD", "SCK", "", "R", 31.5, 59.05, 0, 90],
		[18, "CARD1_6", 717.82, 270.46, "T", "SMD", "GND", "GND", "R", 31.5, 59.05, 0, 90],
		[19, "CARD1_7", 717.82, 227.15, "T", "SMD", "MISO", "", "R", 31.5, 59.05, 0, 90],
		[20, "CARD1_8", 717.82, 183.85, "T", "SMD", "CARD1_8", "", "R", 31.5, 59.05, 0, 90],
		[21, "CARD1_9", 820.18, 90.34, "T", "SMD", "GND", "GND", "R", 57.09, 78.74, 0, 90],
		[22, "CARD1_10", 820.18, 631.68, "T", "SMD", "GND", "GND", "R", 57.09, 78.74, 0, 90],
		[23, "CARD1_11", 493.41, 631.68, "T", "SMD", "GND", "GND", "R", 57.09, 78.74, 0, 90],
		[24, "CARD1_12", 493.41, 90.34, "T", "SMD", "GND", "GND", "R", 57.09, 78.74, 0, 90],
		[25, "FPC1_1", 706.41, 1382.31, "T", "SMD", "FPC1_1", "", "R", 11.81, 51.18, 0, 0],
		[26, "FPC1_2", 726.1, 1382.31, "T", "SMD", "FPC1_2", "", "R", 11.81, 51.18, 0, 0],
		[27, "FPC1_3", 745.79, 1382.25, "T", "SMD", "FPC1_3", "", "R", 11.81, 51.18, 0, 0],
		[28, "FPC1_4", 765.47, 1382.31, "T", "SMD", "MISO", "", "R", 11.81, 51.18, 0, 0],
		[29, "FPC1_5", 785.15, 1382.25, "T", "SMD", "MOSI", "", "R", 11.81, 51.18, 0, 0],
		[30, "FPC1_6", 804.84, 1382.31, "T", "SMD", "SCK", "", "R", 11.81, 51.18, 0, 0],
		[31, "FPC1_7", 824.52, 1382.31, "T", "SMD", "SCL", "", "R", 11.81, 51.18, 0, 0],
		[32, "FPC1_8", 844.21, 1382.31, "T", "SMD", "SDA", "", "R", 11.81, 51.18, 0, 0],
		[33, "FPC1_9", 863.89, 1382.31, "T", "SMD", "+3.3V", "", "R", 11.81, 51.18, 0, 0],
		[34, "FPC1_10", 883.58, 1382.25, "T", "SMD", "GND", "GND", "R", 11.81, 51.18, 0, 0],
		[35, "FPC1_11", 950.52, 1487.75, "T", "SMD", "FPC1_11", "", "R", 62.99, 78.74, 0, 270],
		[36, "FPC1_12", 639.49, 1487.75, "T", "SMD", "FPC1_12", "", "R", 62.99, 78.74, 0, 270],
		[37, "R20_1", 820.34, 1030, "T", "SMD", "$1N12029", "", "R", 31.75, 34.02, 0, 0],
		[38, "R20_2", 879.66, 1030, "T", "SMD", "+3.3V", "", "R", 31.75, 34.02, 0, 0],
		[39, "R21_1", 662.13, 681.01, "T", "SMD", "SDCS", "", "R", 31.75, 34.02, 0, 0],
		[40, "R21_2", 721.45, 681.01, "T", "SMD", "+3.3V", "", "R", 31.75, 34.02, 0, 0],
		[41, "U9_1", 1197.6, 1111.38, "T", "SMD", "GND", "GND", "R", 42.13, 23.62, 0, 270],
		[42, "U9_2", 1272.4, 1111.38, "T", "SMD", "+1.8V", "", "R", 42.13, 23.62, 0, 270],
		[43, "U9_3", 1235, 1208.63, "T", "SMD", "+3.3V", "", "R", 42.13, 23.62, 0, 270],
		[44, "U11_1", 320.48, 1080.28, "T", "SMD", "SCL", "", "R", 9.84, 17.72, 0, 180],
		[45, "U11_2", 340.17, 1080.28, "T", "SMD", "+3.3V", "", "R", 9.84, 17.72, 0, 180],
		[46, "U11_3", 359.84, 1080.28, "T", "SMD", "U11_3", "", "R", 9.84, 17.72, 0, 180],
		[47, "U11_4", 379.53, 1080.28, "T", "SMD", "+3.3V", "", "R", 9.84, 17.72, 0, 180],
		[48, "U11_5", 399.72, 1100.47, "T", "SMD", "U11_5", "", "R", 9.84, 17.72, 0, 90],
		[49, "U11_6", 399.72, 1120.16, "T", "SMD", "U11_6", "", "R", 9.84, 17.72, 0, 90],
		[50, "U11_7", 399.72, 1139.85, "T", "SMD", "U11_7", "", "R", 9.84, 17.72, 0, 90],
		[51, "U11_8", 399.72, 1159.54, "T", "SMD", "$1N11358", "", "R", 9.84, 17.72, 0, 90],
		[52, "U11_9", 379.52, 1179.72, "T", "SMD", "GND", "GND", "R", 9.84, 17.72, 0, 180],
		[53, "U11_10", 359.83, 1179.72, "T", "SMD", "$1N11390", "", "R", 9.84, 17.72, 0, 180],
		[54, "U11_11", 340.16, 1179.72, "T", "SMD", "GND", "GND", "R", 9.84, 17.72, 0, 180],
		[55, "U11_12", 320.47, 1179.72, "T", "SMD", "$1N11304", "", "R", 9.84, 17.72, 0, 180],
		[56, "U11_13", 300.27, 1159.53, "T", "SMD", "+3.3V", "", "R", 9.84, 17.72, 0, 90],
		[57, "U11_14", 300.27, 1139.84, "T", "SMD", "U11_14", "", "R", 9.84, 17.72, 0, 90],
		[58, "U11_15", 300.27, 1120.15, "T", "SMD", "U11_15", "", "R", 9.84, 17.72, 0, 90],
		[59, "U11_16", 300.27, 1100.46, "T", "SMD", "SDA", "", "R", 9.84, 17.72, 0, 90],
		[60, "U13_1", 772.75, 969.49, "T", "SMD", "U13_1", "", "R", 29.53, 13.78, 0, 0],
		[61, "U13_2", 772.75, 937.99, "T", "SMD", "SCL", "", "R", 29.53, 13.78, 0, 0],
		[62, "U13_3", 772.75, 906.5, "T", "SMD", "SDA", "", "R", 29.53, 13.78, 0, 0],
		[63, "U13_4", 772.75, 875, "T", "SMD", "GND", "GND", "R", 29.53, 13.78, 0, 0],
		[64, "U13_5", 772.75, 843.51, "T", "SMD", "U13_5", "", "R", 29.53, 13.78, 0, 0],
		[65, "U13_6", 772.75, 812.01, "T", "SMD", "U13_6", "", "R", 29.53, 13.78, 0, 0],
		[66, "U13_7", 772.75, 780.52, "T", "SMD", "U13_7", "", "R", 29.53, 13.78, 0, 0],
		[67, "U13_8", 867.25, 780.51, "T", "SMD", "U13_8", "", "R", 29.53, 13.78, 0, 0],
		[68, "U13_9", 867.25, 812.01, "T", "SMD", "+3.3V", "", "R", 29.53, 13.78, 0, 0],
		[69, "U13_10", 867.25, 843.51, "T", "SMD", "+3.3V", "", "R", 29.53, 13.78, 0, 0],
		[70, "U13_11", 867.25, 875, "T", "SMD", "+1.8V", "", "R", 29.53, 13.78, 0, 0],
		[71, "U13_12", 867.25, 906.5, "T", "SMD", "GND", "GND", "R", 29.53, 13.78, 0, 0],
		[72, "U13_13", 867.25, 938, "T", "SMD", "$1N12029", "", "R", 29.53, 13.78, 0, 0],
		[73, "U13_14", 867.25, 969.49, "T", "SMD", "U13_14", "", "R", 29.53, 13.78, 0, 0],
		[74, "U20_1", 1070, 265.85, "T", "SMD", "U20_1", "", "O", 23.15, 80.51, 0, 0],
		[75, "U20_2", 1120, 265.85, "T", "SMD", "+3.3V", "", "O", 23.15, 80.51, 0, 0],
		[76, "U20_3", 1170, 265.85, "T", "SMD", "U20_3", "", "O", 23.15, 80.51, 0, 0],
		[77, "U20_4", 1220, 265.85, "T", "SMD", "U20_4", "", "O", 23.15, 80.51, 0, 0],
		[78, "U20_5", 1220, 484.15, "T", "SMD", "GND", "GND", "O", 23.15, 80.51, 0, 0],
		[79, "U20_6", 1170, 484.15, "T", "SMD", "GND", "GND", "O", 23.15, 80.51, 0, 0],
		[80, "U20_7", 1120, 484.15, "T", "SMD", "SDA", "", "O", 23.15, 80.51, 0, 0],
		[81, "U20_8", 1070, 484.15, "T", "SMD", "SCL", "", "O", 23.15, 80.51, 0, 0]
	]
}
}