{
"lengthUnit": "mil",
"components": {
	"fields": ["COMPONENT_NO", "COMPONENT_NAME", "LAYER", "X_COORDINATE", "Y_COORDINATE", "ANGLE"],
	"rows": [
		[1, "C1", "B", 85, 415, 180],
		[2, "C2", "B", 190, 345, 180],
		[3, "C3", "B", 345, 1030, 180],
		[4, "C4", "B", 360, 1105, 180],
		[5, "C5", "B", 240, 425, 0],
		[6, "C6", "B", 1105, 1355, 180],
		[7, "C7", "B", 1055, 1480, 90],
		[8, "C8", "B", 1105, 1210, 180],
		[9, "C9", "B", 1060, 950, 90],
		[10, "C10", "B", 405, 660, 180],
		[11, "C11", "B", 419.18, 560, 90],
		[12, "C16", "B", 1115, 270, 180],
		[13, "C17", "B", 1099.18, 365, 180],
		[14, "C18", "B", 790, 295, 90],
		[15, "C19", "B", 1115, 185, 180],
		[16, "D1", "B", 330, 780, 90],
		[17, "D2", "B", 335, 895, 90],
		[18, "D3", "B", 400, 890, 90],
		[19, "FPC2", "B", 590, 200, 0],
		[20, "LCD1", "T", 615, 110, 0],
		[21, "Q1", "B", 320, 230, 90],
		[22, "Q2", "B", 175, 230, 90],
		[23, "R1", "B", 209.18, 645, 180],
		[24, "R2", "B", 69.18, 525, 90],
		[25, "R3", "B", 230, 1115, 180],
		[26, "R4", "B", 95, 1120, 180],
		[27, "R5", "B", 95, 1195, 180],
		[28, "R6", "B", 100, 1270, 180],
		[29, "R7", "B", 215, 1540, 180],
		[30, "R8", "B", 155, 1475, 180],
		[31, "R9", "B", 385, 440, 180],
		[32, "R10", "B", 299.18, 535, 90],
		[33, "R11", "B", 305, 655, 90],
		[34, "R12", "B", 75, 280, 90],
		[35, "R13", "B", 1105, 1280, 180],
		[36, "R14", "B", 1160, 960, 90],
		[37, "R15", "B", 889.18, 795, 180],
		[38, "R16", "B", 884.18, 440, 180],
		[39, "R17", "B", 884.18, 375, 180],
		[40, "R18", "T", 865, 60, 0],
		[41, "R19", "T", 405, 60, 0],
		[42, "R22", "B", 415, 730, 180],
		[43, "R23", "B", 420, 795, 180],
		[44, "R24", "B", 904.18, 505, 180],
		[45, "R25", "B", 1160, 555, 90],
		[46, "SW2", "B", 1135, 770, 90],
		[47, "U1", "B", 175, 535, 270],
		[48, "U2", "B", 279.18, 1270, 180],
		[49, "U3", "B", 105, 1365, 180],
		[50, "U4", "B", 350, 1510, 180],
		[51, "U6", "B", 1115, 1100, 270],
		[52, "U7", "B", 1024.18, 575, 180],
		[53, "U8", "B", 354.82, 552.75, 180],
		[54, "U10", "B", 926.8, 229.94, 180],
		[55, "U12", "T", 642.01, 59.94, 0],
		[56, "U14", "B", 1054.18, 480, 0],
		[57, "U16", "B", 719.18, 1205, 180],
		[58, "U17", "B", 94.18, 650, 180],
		[59, "U18", "B", 279.18, 780, 270],
		[60, "U19", "B", 625, 415, 180],
		[61, "USB1", "B", 199.18, 930, 90]
	]
},
"pins": {
	"fields": ["PIN_NO", "PIN_NAME", "PIN_X", "PIN_Y", "LAYER", "PIN_TYPE", "NET_NAME", "NET_TYPE", "PAD_SHAPE", "PAD_SIZEX", "PAD_SIZEY", "HOLE_SIZE", "PAD_ANGLE"],
	"rows": [
		[1, "C1_1", 112.56, 415, "B", "SMD", "USB_VCC", "", "R", 31.5, 35.43, 0, 180],
		[2, "C1_2", 57.44, 415, "B", "SMD", "GND", "GND", "R", 31.5, 35.43, 0, 180],
		[3, "C2_1", 217.56, 345, "B", "SMD", "VBAT", "", "R", 31.5, 35.43, 0, 180],
		[4, "C2_2", 162.44, 345, "B", "SMD", "GND", "GND", "R", 31.5, 35.43, 0, 180],
		[5, "C3_1", 384.37, 1030, "B", "SMD", "+3.3V", "", "R", 55.51, 53.15, 0, 180],
		[6, "C3_2", 305.63, 1030, "B", "SMD", "GND", "GND", "R", 55.51, 53.15, 0, 180],
		[7, "C4_1", 387.56, 1105, "B", "SMD", "+3.3V", "", "R", 31.5, 35.43, 0, 180],
		[8, "C4_2", 332.44, 1105, "B", "SMD", "GND", "GND", "R", 31.5, 35.43, 0, 180],
		[9, "C5_1", 200.63, 425, "B", "SMD", "$1N4458", "", "R", 55.51, 53.15, 0, 0],
		[10, "C5_2", 279.37, 425, "B", "SMD", "B-", "", "R", 55.51, 53.15, 0, 0],
		[11, "C6_1", 1144.37, 1355, "B", "SMD", "+3.3V", "", "R", 55.51, 53.15, 0, 180],
		[12, "C6_2", 1065.63, 1355, "B", "SMD", "GND", "GND", "R", 55.51, 53.15, 0, 180],
		[13, "C7_1", 1055, 1440.63, "B", "SMD", "+3.3V", "", "R", 55.51, 53.15, 0, 90],
		[14, "C7_2", 1055, 1519.37, "B", "SMD", "GND", "GND", "R", 55.51, 53.15, 0, 90],
		[15, "C8_1", 1144.37, 1210, "B", "SMD", "EN", "", "R", 55.51, 53.15, 0, 180],
		[16, "C8_2", 1065.63, 1210, "B", "SMD", "GND", "GND", "R", 55.51, 53.15, 0, 180],
		[17, "C9_1", 1060, 910.63, "B", "SMD", "GND", "GND", "R", 55.51, 53.15, 0, 90],
		[18, "C9_2", 1060, 989.37, "B", "SMD", "$1N8675", "", "R", 55.51, 53.15, 0, 90],
		[19, "C10_1", 432.56, 660, "B", "SMD", "+3.3V", "", "R", 31.5, 35.43, 0, 180],
		[20, "C10_2", 377.44, 660, "B", "SMD", "GND", "GND", "R", 31.5, 35.43, 0, 180],
		[21, "C11_1", 419.18, 532.44, "B", "SMD", "VBAT", "", "R", 31.5, 35.43, 0, 90],
		[22, "C11_2", 419.18, 587.56, "B", "SMD", "GND", "GND", "R", 31.5, 35.43, 0, 90],
		[23, "C16_1", 1154.37, 270, "B", "SMD", "+3.3V", "", "R", 55.51, 53.15, 0, 180],
		[24, "C16_2", 1075.63, 270, "B", "SMD", "GND", "GND", "R", 55.51, 53.15, 0, 180],
		[25, "C17_1", 1138.55, 365, "B", "SMD", "$1N10576", "", "R", 55.51, 53.15, 0, 180],
		[26, "C17_2", 1059.81, 365, "B", "SMD", "GND", "GND", "R", 55.51, 53.15, 0, 180],
		[27, "C18_1", 790, 267.44, "B", "SMD", "GND", "GND", "R", 31.5, 35.43, 0, 90],
		[28, "C18_2", 790, 322.56, "B", "SMD", "$1N10793", "", "R", 31.5, 35.43, 0, 90],
		[29, "C19_1", 1154.37, 185, "B", "SMD", "GND", "GND", "R", 55.51, 53.15, 0, 180],
		[30, "C19_2", 1075.63, 185, "B", "SMD", "+3.3V", "", "R", 55.51, 53.15, 0, 180],
		[31, "D1_1", 330, 750.48, "B", "SMD", "GND", "GND", "R", 23.62, 15.75, 0, 90],
		[32, "D1_2", 330, 809.52, "B", "SMD", "$1N977", "", "R", 23.62, 15.75, 0, 270],
		[33, "D2_1", 335, 865.48, "B", "SMD", "GND", "GND", "R", 23.62, 15.75, 0, 90],
		[34, "D2_2", 335, 924.52, "B", "SMD", "D-", "", "R", 23.62, 15.75, 0, 270],
		[35, "D3_1", 400, 860.48, "B", "SMD", "GND", "GND", "R", 23.62, 15.75, 0, 90],
		[36, "D3_2", 400, 919.52, "B", "SMD", "D+", "", "R", 23.62, 15.75, 0, 270],
		[37, "FPC2_1", 501.41, 252.69, "B", "SMD", "GND", "GND", "R", 11.81, 51.18, 0, 0],
		[38, "FPC2_2", 521.1, 252.69, "B", "SMD", "+3.3V", "", "R", 11.81, 51.18, 0, 0],
		[39, "FPC2_3", 540.78, 252.75, "B", "SMD", "SDA", "", "R", 11.81, 51.18, 0, 0],
		[40, "FPC2_4", 560.47, 252.69, "B", "SMD", "SCL", "", "R", 11.81, 51.18, 0, 0],
		[41, "FPC2_5", 580.15, 252.75, "B", "SMD", "SCK", "", "R", 11.81, 51.18, 0, 0],
		[42, "FPC2_6", 599.84, 252.69, "B", "SMD", "MOSI", "", "R", 11.81, 51.18, 0, 0],
		[43, "FPC2_7", 619.52, 252.69, "B", "SMD", "MISO", "", "R", 11.81, 51.18, 0, 0],
		[44, "FPC2_8", 639.21, 252.69, "B", "SMD", "FPC2_8", "", "R", 11.81, 51.18, 0, 0],
		[45, "FPC2_9", 658.89, 252.69, "B", "SMD", "FPC2_9", "", "R", 11.81, 51.18, 0, 0],
		[46, "FPC2_10", 678.58, 252.75, "B", "SMD", "FPC2_10", "", "R", 11.81, 51.18, 0, 0],
		[47, "FPC2_11", 745.52, 147.25, "B", "SMD", "FPC2_11", "", "R", 62.99, 78.74, 0, 90],
		[48, "FPC2_12", 434.48, 147.25, "B", "SMD", "FPC2_12", "", "R", 62.99, 78.74, 0, 90],
		[49, "LCD1_1", 766.57, 502.91, "T", "SMD", "GND", "GND", "R", 11.81, 78.74, 0, 180],
		[50, "LCD1_2", 739.02, 502.91, "T", "SMD", "$1N14214", "", "R", 11.81, 78.74, 0, 180],
		[51, "LCD1_3", 711.46, 502.91, "T", "SMD", "+3.3V", "", "R", 11.81, 78.74, 0, 180],
		[52, "LCD1_4", 683.9, 502.91, "T", "SMD", "+3.3V", "", "R", 11.81, 78.74, 0, 180],
		[53, "LCD1_5", 656.34, 502.91, "T", "SMD", "GND", "GND", "R", 11.81, 78.74, 0, 180],
		[54, "LCD1_6", 628.78, 502.91, "T", "SMD", "GND", "GND", "R", 11.81, 78.74, 0, 180],
		[55, "LCD1_7", 601.22, 502.91, "T", "SMD", "TFTDC", "", "R", 11.81, 78.74, 0, 180],
		[56, "LCD1_8", 573.66, 502.91, "T", "SMD", "TFTCS", "", "R", 11.81, 78.74, 0, 180],
		[57, "LCD1_9", 546.1, 502.91, "T", "SMD", "SCK", "", "R", 11.81, 78.74, 0, 180],
		[58, "LCD1_10", 518.54, 502.91, "T", "SMD", "MOSI", "", "R", 11.81, 78.74, 0, 180],
		[59, "LCD1_11", 490.98, 502.91, "T", "SMD", "TFTRST", "", "R", 11.81, 78.74, 0, 180],
		[60, "LCD1_12", 463.43, 502.91, "T", "SMD", "GND", "GND", "R", 11.81, 78.74, 0, 180],
		[61, "Q1_1", 282.6, 283.15, "B", "SMD", "$1N4447", "", "R", 43.31, 23.62, 0, 90],
		[62, "Q1_2", 320, 283.15, "B", "SMD", "$1N4799", "", "R", 43.31, 23.62, 0, 90],
		[63, "Q1_3", 357.4, 283.15, "B", "SMD", "$1N4440", "", "R", 43.31, 23.62, 0, 90],
		[64, "Q1_4", 357.4, 176.85, "B", "SMD", "Q1_4", "", "R", 43.31, 23.62, 0, 90],
		[65, "Q1_5", 320, 176.85, "B", "SMD", "$1N4458", "", "R", 43.31, 23.62, 0, 90],
		[66, "Q1_6", 282.6, 176.85, "B", "SMD", "B-", "", "R", 43.31, 23.62, 0, 90],
		[67, "Q2_1", 137.6, 283.15, "B", "SMD", "GND", "GND", "R", 43.31, 23.62, 0, 90],
		[68, "Q2_2", 175, 283.15, "B", "SMD", "$1N4421", "", "R", 43.31, 23.62, 0, 90],
		[69, "Q2_3", 212.4, 283.15, "B", "SMD", "B-", "", "R", 43.31, 23.62, 0, 90],
		[70, "Q2_4", 212.4, 176.85, "B", "SMD", "$1N4447", "", "R", 43.31, 23.62, 0, 90],
		[71, "Q2_5", 175, 176.85, "B", "SMD", "$1N4421", "", "R", 43.31, 23.62, 0, 90],
		[72, "Q2_6", 137.6, 176.85, "B", "SMD", "$1N4440", "", "R", 43.31, 23.62, 0, 90],
		[73, "R1_1", 238.84, 645, "B", "SMD", "$1N2091", "", "R", 31.75, 34.02, 0, 180],
		[74, "R1_2", 179.52, 645, "B", "SMD", "$1N2095", "", "R", 31.75, 34.02, 0, 180],
		[75, "R2_1", 69.18, 495.34, "B", "SMD", "GND", "GND", "R", 31.75, 34.02, 0, 90],
		[76, "R2_2", 69.18, 554.66, "B", "SMD", "$1N2484", "", "R", 31.75, 34.02, 0, 90],
		[77, "R3_1", 259.66, 1115, "B", "SMD", "USB_VCC", "", "R", 31.75, 34.02, 0, 180],
		[78, "R3_2", 200.34, 1115, "B", "SMD", "$1N3335", "", "R", 31.75, 34.02, 0, 180],
		[79, "R4_1", 124.66, 1120, "B", "SMD", "GND", "GND", "R", 31.75, 34.02, 0, 180],
		[80, "R4_2", 65.34, 1120, "B", "SMD", "$1N3335", "", "R", 31.75, 34.02, 0, 180],
		[81, "R5_1", 124.66, 1195, "B", "SMD", "+3.3V", "", "R", 31.75, 34.02, 0, 180],
		[82, "R5_2", 65.34, 1195, "B", "SMD", "$1N3568", "", "R", 31.75, 34.02, 0, 180],
		[83, "R6_1", 129.66, 1270, "B", "SMD", "GND", "GND", "R", 31.75, 34.02, 0, 180],
		[84, "R6_2", 70.34, 1270, "B", "SMD", "$1N3619", "", "R", 31.75, 34.02, 0, 180],
		[85, "R7_1", 244.66, 1540, "B", "SMD", "DTR", "", "R", 31.75, 34.02, 0, 180],
		[86, "R7_2", 185.34, 1540, "B", "SMD", "$1N3922", "", "R", 31.75, 34.02, 0, 180],
		[87, "R8_1", 184.66, 1475, "B", "SMD", "RTS", "", "R", 31.75, 34.02, 0, 180],
		[88, "R8_2", 125.34, 1475, "B", "SMD", "$1N3960", "", "R", 31.75, 34.02, 0, 180],
		[89, "R9_1", 414.66, 440, "B", "SMD", "$1N4458", "", "R", 31.75, 34.02, 0, 180],
		[90, "R9_2", 355.34, 440, "B", "SMD", "VBAT", "", "R", 31.75, 34.02, 0, 180],
		[91, "R10_1", 299.18, 505.34, "B", "SMD", "VP", "", "R", 31.75, 34.02, 0, 90],
		[92, "R10_2", 299.18, 564.66, "B", "SMD", "VBAT", "", "R", 31.75, 34.02, 0, 90],
		[93, "R11_1", 305, 625.34, "B", "SMD", "GND", "GND", "R", 31.75, 34.02, 0, 90],
		[94, "R11_2", 305, 684.66, "B", "SMD", "VP", "", "R", 31.75, 34.02, 0, 90],
		[95, "R12_1", 75, 250.34, "B", "SMD", "GND", "GND", "R", 31.75, 34.02, 0, 90],
		[96, "R12_2", 75, 309.66, "B", "SMD", "$1N4799", "", "R", 31.75, 34.02, 0, 90],
		[97, "R13_1", 1134.66, 1280, "B", "SMD", "EN", "", "R", 31.75, 34.02, 0, 180],
		[98, "R13_2", 1075.34, 1280, "B", "SMD", "+3.3V", "", "R", 31.75, 34.02, 0, 180],
		[99, "R14_1", 1160, 930.34, "B", "SMD", "$1N8675", "", "R", 31.75, 34.02, 0, 90],
		[100, "R14_2", 1160, 989.66, "B", "SMD", "GND", "GND", "R", 31.75, 34.02, 0, 90],
		[101, "R15_1", 918.84, 795, "B", "SMD", "+3.3V", "", "R", 31.75, 34.02, 0, 180],
		[102, "R15_2", 859.52, 795, "B", "SMD", "IO10", "", "R", 31.75, 34.02, 0, 180],
		[103, "R16_1", 913.84, 440, "B", "SMD", "SDA", "", "R", 31.75, 34.02, 0, 180],
		[104, "R16_2", 854.52, 440, "B", "SMD", "+3.3V", "", "R", 31.75, 34.02, 0, 180],
		[105, "R17_1", 913.84, 375, "B", "SMD", "SCL", "", "R", 31.75, 34.02, 0, 180],
		[106, "R17_2", 854.52, 375, "B", "SMD", "+3.3V", "", "R", 31.75, 34.02, 0, 180],
		[107, "R18_1", 835.34, 60, "T", "SMD", "+3.3V", "", "R", 31.75, 34.02, 0, 0],
		[108, "R18_2", 894.66, 60, "T", "SMD", "$1N11677", "", "R", 31.75, 34.02, 0, 0],
		[109, "R19_1", 375.34, 60, "T", "SMD", "GND", "GND", "R", 31.75, 34.02, 0, 0],
		[110, "R19_2", 434.66, 60, "T", "SMD", "$1N11721", "", "R", 31.75, 34.02, 0, 0],
		[111, "R22_1", 444.66, 730, "B", "SMD", "TFTRST", "", "R", 31.75, 34.02, 0, 180],
		[112, "R22_2", 385.34, 730, "B", "SMD", "+3.3V", "", "R", 31.75, 34.02, 0, 180],
		[113, "R23_1", 449.66, 795, "B", "SMD", "TFTCS", "", "R", 31.75, 34.02, 0, 180],
		[114, "R23_2", 390.34, 795, "B", "SMD", "+3.3V", "", "R", 31.75, 34.02, 0, 180],
		[115, "R24_1", 933.84, 505, "B", "SMD", "$1N14214", "", "R", 31.75, 34.02, 0, 180],
		[116, "R24_2", 874.52, 505, "B", "SMD", "$1N14269", "", "R", 31.75, 34.02, 0, 180],
		[117, "R25_1", 1160, 525.34, "B", "SMD", "BKL", "", "R", 31.75, 34.02, 0, 90],
		[118, "R25_2", 1160, 584.66, "B", "SMD", "+3.3V", "", "R", 31.75, 34.02, 0, 90],
		[119, "SW2_1", 1165.51, 679.45, "B", "SMD", "$1N8675", "", "R", 35.43, 47.24, 0, 90],
		[120, "SW2_2", 1165.51, 860.55, "B", "SMD", "IO0", "", "R", 35.43, 47.24, 0, 270],
		[121, "SW2_3", 1104.49, 704.06, "B", "SMD", "+3.3V", "", "R", 47.24, 51.18, 0, 270],
		[122, "SW2_4", 1104.49, 835.95, "B", "SMD", "IO0", "", "R", 47.24, 51.18, 0, 270],
		[123, "U1_1", 220.42, 572.4, "B", "SMD", "$1N2095", "", "R", 19.29, 45.55, 0, 270],
		[124, "U1_2", 220.42, 535, "B", "SMD", "GND", "GND", "R", 19.29, 45.55, 0, 270],
		[125, "U1_3", 220.42, 497.6, "B", "SMD", "VBAT", "", "R", 19.29, 45.55, 0, 270],
		[126, "U1_4", 129.58, 497.6, "B", "SMD", "USB_VCC", "", "R", 19.29, 46.26, 0, 270],
		[127, "U1_5", 129.58, 572.4, "B", "SMD", "$1N2484", "", "R", 19.29, 46.26, 0, 270],
		[128, "U2_1", 372.78, 1329.05, "B", "SMD", "U2_1", "", "R", 35.63, 11.02, 0, 180],
		[129, "U2_2", 372.78, 1309.37, "B", "SMD", "U2_2", "", "R", 35.63, 11.02, 0, 180],
		[130, "U2_3", 372.78, 1289.68, "B", "SMD", "GND", "GND", "R", 35.63, 11.02, 0, 180],
		[131, "U2_4", 372.78, 1270, "B", "SMD", "D+", "", "R", 35.63, 11.02, 0, 180],
		[132, "U2_5", 372.78, 1250.31, "B", "SMD", "D-", "", "R", 35.63, 11.02, 0, 180],
		[133, "U2_6", 372.78, 1230.63, "B", "SMD", "+3.3V", "", "R", 35.63, 11.02, 0, 180],
		[134, "U2_7", 372.78, 1210.94, "B", "SMD", "+3.3V", "", "R", 35.63, 11.02, 0, 180],
		[135, "U2_8", 338.23, 1176.4, "B", "SMD", "$1N3335", "", "R", 11.02, 35.63, 0, 180],
		[136, "U2_9", 318.55, 1176.4, "B", "SMD", "$1N3568", "", "R", 11.02, 35.63, 0, 180],
		[137, "U2_10", 298.86, 1176.4, "B", "SMD", "U2_10", "", "R", 11.02, 35.63, 0, 180],
		[138, "U2_11", 279.18, 1176.4, "B", "SMD", "$1N3619", "", "R", 11.02, 35.63, 0, 180],
		[139, "U2_12", 259.49, 1176.4, "B", "SMD", "U2_12", "", "R", 11.02, 35.63, 0, 180],
		[140, "U2_13", 239.81, 1176.4, "B", "SMD", "U2_13", "", "R", 11.02, 35.63, 0, 180],
		[141, "U2_14", 220.12, 1176.4, "B", "SMD", "U2_14", "", "R", 11.02, 35.63, 0, 180],
		[142, "U2_15", 185.58, 1210.94, "B", "SMD", "U2_15", "", "R", 35.63, 11.02, 0, 180],
		[143, "U2_16", 185.58, 1230.63, "B", "SMD", "U2_16", "", "R", 35.63, 11.02, 0, 180],
		[144, "U2_17", 185.58, 1250.31, "B", "SMD", "U2_17", "", "R", 35.63, 11.02, 0, 180],
		[145, "U2_18", 185.58, 1270, "B", "SMD", "U2_18", "", "R", 35.63, 11.02, 0, 180],
		[146, "U2_19", 185.58, 1289.68, "B", "SMD", "U2_19", "", "R", 35.63, 11.02, 0, 180],
		[147, "U2_20", 185.58, 1309.37, "B", "SMD", "U2_20", "", "R", 35.63, 11.02, 0, 180],
		[148, "U2_21", 185.58, 1329.05, "B", "SMD", "U2_21", "", "R", 35.63, 11.02, 0, 180],
		[149, "U2_22", 220.12, 1363.6, "B", "SMD", "U2_22", "", "R", 11.02, 35.63, 0, 180],
		[150, "U2_23", 239.81, 1363.6, "B", "SMD", "U2_23", "", "R", 11.02, 35.63, 0, 180],
		[151, "U2_24", 259.49, 1363.6, "B", "SMD", "RTS", "", "R", 11.02, 35.63, 0, 180],
		[152, "U2_25", 279.18, 1363.6, "B", "SMD", "TX", "", "R", 11.02, 35.63, 0, 180],
		[153, "U2_26", 298.86, 1363.6, "B", "SMD", "RX", "", "R", 11.02, 35.63, 0, 180],
		[154, "U2_27", 318.55, 1363.6, "B", "SMD", "U2_27", "", "R", 11.02, 35.63, 0, 180],
		[155, "U2_28", 338.23, 1363.6, "B", "SMD", "DTR", "", "R", 11.02, 35.63, 0, 180],
		[156, "U2_29", 279.18, 1270, "B", "SMD", "GND", "GND", "R", 131.89, 131.89, 0, 180],
		[157, "U3_1", 65.63, 1327.6, "B", "SMD", "$1N3922", "", "R", 49.21, 27.56, 0, 180],
		[158, "U3_2", 65.63, 1402.4, "B", "SMD", "RTS", "", "R", 49.21, 27.56, 0, 180],
		[159, "U3_3", 144.37, 1365, "B", "SMD", "EN", "", "R", 49.21, 27.56, 0, 180],
		[160, "U4_1", 310.63, 1472.6, "B", "SMD", "$1N3960", "", "R", 49.21, 27.56, 0, 180],
		[161, "U4_2", 310.63, 1547.4, "B", "SMD", "DTR", "", "R", 49.21, 27.56, 0, 180],
		[162, "U4_3", 389.37, 1510, "B", "SMD", "IO0", "", "R", 49.21, 27.56, 0, 180],
		[163, "U6_1", 1152.4, 1060.63, "B", "SMD", "GND", "GND", "R", 49.21, 27.56, 0, 270],
		[164, "U6_2", 1077.6, 1060.63, "B", "SMD", "EN", "", "R", 49.21, 27.56, 0, 270],
		[165, "U6_3", 1115, 1139.37, "B", "SMD", "+3.3V", "", "R", 49.21, 27.56, 0, 270],
		[166, "U7_1", 1024.18, 725, "B", "SMD", "IO10", "", "R", 39.37, 12.99, 0, 180],
		[167, "U7_2", 1024.18, 674.61, "B", "SMD", "SD0", "", "R", 39.37, 12.99, 0, 180],
		[168, "U7_3", 1024.18, 625, "B", "SMD", "SD3", "", "R", 39.37, 12.99, 0, 180],
		[169, "U7_4", 1024.18, 575, "B", "SMD", "GND", "GND", "R", 39.37, 12.99, 0, 180],
		[170, "U7_5", 835.21, 575, "B", "SMD", "SD1", "", "R", 39.37, 12.99, 0, 180],
		[171, "U7_6", 835.21, 625, "B", "SMD", "CLK", "", "R", 39.37, 12.99, 0, 180],
		[172, "U7_7", 835.21, 674.61, "B", "SMD", "SD2", "", "R", 39.37, 12.99, 0, 180],
		[173, "U7_8", 835.21, 725, "B", "SMD", "+3.3V", "", "R", 39.37, 12.99, 0, 180],
		[174, "U8_1", 367.61, 534.03, "B", "SMD", "+3.3V", "", "P", 7.87, 15.75, 0, 180],
		[175, "U8_2", 342.02, 534.07, "B", "SMD", "GND", "GND", "P", 7.88, 15.75, 0, 180],
		[176, "U8_3", 342.02, 571.47, "B", "SMD", "VBAT", "", "P", 7.88, 15.75, 0, 180],
		[177, "U8_4", 367.61, 571.47, "B", "SMD", "VBAT", "", "P", 7.87, 15.75, 0, 180],
		[178, "U8_5", 354.64, 552.77, "B", "SMD", "GND", "GND", "R", 18.9, 18.9, 0, 135],
		[179, "U10_1", 976.01, 151.2, "B", "SMD", "GND", "GND", "O", 11.02, 31.5, 0, 180],
		[180, "U10_2", 956.33, 151.2, "B", "SMD", "U10_2", "", "O", 11.02, 31.5, 0, 180],
		[181, "U10_3", 936.64, 151.2, "B", "SMD", "U10_3", "", "O", 11.02, 31.5, 0, 180],
		[182, "U10_4", 916.96, 151.2, "B", "SMD", "U10_4", "", "O", 11.02, 31.5, 0, 180],
		[183, "U10_5", 897.27, 151.2, "B", "SMD", "U10_5", "", "O", 11.02, 31.5, 0, 180],
		[184, "U10_6", 877.59, 151.2, "B", "SMD", "U10_6", "", "O", 11.02, 31.5, 0, 180],
		[185, "U10_7", 848.06, 180.73, "B", "SMD", "U10_7", "", "O", 31.5, 11.02, 0, 180],
		[186, "U10_8", 848.06, 200.41, "B", "SMD", "+3.3V", "", "O", 31.5, 11.02, 0, 180],
		[187, "U10_9", 848.06, 220.1, "B", "SMD", "U10_9", "", "O", 31.5, 11.02, 0, 180],
		[188, "U10_10", 848.06, 239.78, "B", "SMD", "$1N10576", "", "O", 31.5, 11.02, 0, 180],
		[189, "U10_11", 848.06, 259.47, "B", "SMD", "GND", "GND", "O", 31.5, 11.02, 0, 180],
		[190, "U10_12", 848.06, 279.15, "B", "SMD", "IO14", "", "O", 31.5, 11.02, 0, 180],
		[191, "U10_13", 877.59, 308.68, "B", "SMD", "+3.3V", "", "O", 11.02, 31.5, 0, 180],
		[192, "U10_14", 897.27, 308.68, "B", "SMD", "U10_14", "", "O", 11.02, 31.5, 0, 180],
		[193, "U10_15", 916.96, 308.68, "B", "SMD", "U10_15", "", "O", 11.02, 31.5, 0, 180],
		[194, "U10_16", 936.64, 308.68, "B", "SMD", "U10_16", "", "O", 11.02, 31.5, 0, 180],
		[195, "U10_17", 956.33, 308.68, "B", "SMD", "U10_17", "", "O", 11.02, 31.5, 0, 180],
		[196, "U10_18", 975.7, 308.68, "B", "SMD", "GND", "GND", "O", 11.02, 31.5, 0, 180],
		[197, "U10_19", 1005.54, 279.15, "B", "SMD", "U10_19", "", "O", 31.5, 11.02, 0, 180],
		[198, "U10_20", 1005.54, 259.47, "B", "SMD", "$1N10793", "", "O", 31.5, 11.02, 0, 180],
		[199, "U10_21", 1005.54, 239.78, "B", "SMD", "U10_21", "", "O", 31.5, 11.02, 0, 180],
		[200, "U10_22", 1005.54, 220.1, "B", "SMD", "U10_22", "", "O", 31.5, 11.02, 0, 180],
		[201, "U10_23", 1005.54, 200.41, "B", "SMD", "SCL", "", "O", 31.5, 11.02, 0, 180],
		[202, "U10_24", 1005.54, 180.73, "B", "SMD", "SDA", "", "O", 31.5, 11.02, 0, 180],
		[203, "U10_25", 926.31, 229.94, "B", "SMD", "GND", "GND", "R", 106.3, 106.3, 0, 180],
		[204, "U12_1", 585.81, 79.62, "T", "SMD", "+3.3V", "", "R", 19.88, 11.02, 0, 0],
		[205, "U12_2", 585.81, 59.94, "T", "SMD", "$1N11721", "", "R", 19.88, 11.02, 0, 0],
		[206, "U12_3", 585.81, 40.25, "T", "SMD", "GND", "GND", "R", 19.88, 11.02, 0, 0],
		[207, "U12_4", 698.22, 40.25, "T", "SMD", "SDA", "", "R", 19.88, 11.02, 0, 0],
		[208, "U12_5", 698.22, 59.94, "T", "SMD", "$1N11677", "", "R", 19.88, 11.02, 0, 0],
		[209, "U12_6", 698.22, 79.62, "T", "SMD", "SCL", "", "R", 19.88, 11.02, 0, 0],
		[210, "U12_7", 642.01, 59.94, "T", "SMD", "U12_7", "", "R", 59.05, 47.24, 0, 0],
		[211, "U14_1", 1093.55, 517.4, "B", "SMD", "BKL", "", "R", 49.21, 27.56, 0, 0],
		[212, "U14_2", 1093.55, 442.6, "B", "SMD", "GND", "GND", "R", 49.21, 27.56, 0, 0],
		[213, "U14_3", 1014.81, 480, "B", "SMD", "$1N14269", "", "R", 49.21, 27.56, 0, 0],
		[214, "U16_1", 975.09, 1485, "B", "SMD", "GND", "GND", "R", 60, 23.62, 0, 180],
		[215, "U16_2", 975.09, 1445, "B", "SMD", "+3.3V", "", "R", 60, 23.62, 0, 180],
		[216, "U16_3", 975.09, 1405, "B", "SMD", "EN", "", "R", 60, 23.62, 0, 180],
		[217, "U16_4", 975.09, 1365, "B", "SMD", "VP", "", "R", 60, 23.62, 0, 180],
		[218, "U16_5", 975.09, 1325, "B", "SMD", "VN", "", "R", 60, 23.62, 0, 180],
		[219, "U16_6", 975.09, 1285, "B", "SMD", "IO34", "", "R", 60, 23.62, 0, 180],
		[220, "U16_7", 975.09, 1245, "B", "SMD", "IO35", "", "R", 60, 23.62, 0, 180],
		[221, "U16_8", 975.09, 1205, "B", "SMD", "MTR", "", "R", 60, 23.62, 0, 180],
		[222, "U16_9", 975.09, 1165.63, "B", "SMD", "IO33", "", "R", 60, 23.62, 0, 180],
		[223, "U16_10", 975.09, 1125, "B", "SMD", "IO25", "", "R", 60, 23.62, 0, 180],
		[224, "U16_11", 975.09, 1085, "B", "SMD", "IO26", "", "R", 60, 23.62, 0, 180],
		[225, "U16_12", 975.09, 1045, "B", "SMD", "IO27", "", "R", 60, 23.62, 0, 180],
		[226, "U16_13", 975.09, 1005, "B", "SMD", "IO14", "", "R", 60, 23.62, 0, 180],
		[227, "U16_14", 975.09, 965, "B", "SMD", "IO12", "", "R", 60, 23.62, 0, 180],
		[228, "U16_15", 975.09, 925, "B", "SMD", "GND", "GND", "R", 60, 23.62, 0, 180],
		[229, "U16_16", 859.18, 870.36, "B", "SMD", "IO13", "", "R", 60, 23.62, 0, 90],
		[230, "U16_17", 819.18, 870.36, "B", "SMD", "IO9", "", "R", 60, 23.62, 0, 90],
		[231, "U16_18", 779.18, 870.36, "B", "SMD", "IO10", "", "R", 60, 23.62, 0, 90],
		[232, "U16_19", 739.18, 870.36, "B", "SMD", "SD2", "", "R", 60, 23.62, 0, 90],
		[233, "U16_20", 699.18, 870.36, "B", "SMD", "CLK", "", "R", 60, 23.62, 0, 90],
		[234, "U16_21", 659.18, 870.36, "B", "SMD", "SD3", "", "R", 60, 23.62, 0, 90],
		[235, "U16_22", 619.18, 870.36, "B", "SMD", "SD1", "", "R", 60, 23.62, 0, 90],
		[236, "U16_23", 579.18, 870.36, "B", "SMD", "TFTRST", "", "R", 60, 23.62, 0, 90],
		[237, "U16_24", 463.28, 925, "B", "SMD", "TFTDC", "", "R", 60, 23.62, 0, 180],
		[238, "U16_25", 463.28, 965, "B", "SMD", "IO0", "", "R", 60, 23.62, 0, 180],
		[239, "U16_26", 463.28, 1005, "B", "SMD", "BKL", "", "R", 60, 23.62, 0, 180],
		[240, "U16_27", 463.28, 1045, "B", "SMD", "$1N8041", "", "R", 60, 23.62, 0, 180],
		[241, "U16_28", 463.28, 1085, "B", "SMD", "SD0", "", "R", 60, 23.62, 0, 180],
		[242, "U16_29", 463.28, 1125, "B", "SMD", "TFTCS", "", "R", 60, 23.62, 0, 180],
		[243, "U16_30", 463.28, 1165, "B", "SMD", "SCK", "", "R", 60, 23.62, 0, 180],
		[244, "U16_31", 463.28, 1205, "B", "SMD", "MOSI", "", "R", 60, 23.62, 0, 180],
		[245, "U16_32", 463.28, 1245, "B", "SMD", "U16_32", "", "R", 60, 23.62, 0, 180],
		[246, "U16_33", 463.28, 1285, "B", "SMD", "SDA", "", "R", 60, 23.62, 0, 180],
		[247, "U16_34", 463.28, 1325, "B", "SMD", "RX", "", "R", 60, 23.62, 0, 180],
		[248, "U16_35", 463.28, 1365, "B", "SMD", "TX", "", "R", 60, 23.62, 0, 180],
		[249, "U16_36", 463.28, 1405, "B", "SMD", "SCL", "", "R", 60, 23.62, 0, 180],
		[250, "U16_37", 463.28, 1445, "B", "SMD", "MISO", "", "R", 60, 23.62, 0, 180],
		[251, "U16_38", 463.28, 1485, "B", "SMD", "GND", "GND", "R", 60, 23.62, 0, 180],
		[252, "U16_EP", 719.18, 1126.26, "B", "SMD", "U16_EP", "", "R", 196.85, 196.85, 0, 180],
		[253, "U17_1", 125.68, 650, "B", "SMD", "$1N2091", "", "R", 31.5, 31.5, 0, 90],
		[254, "U17_2", 62.69, 650, "B", "SMD", "USB_VCC", "", "R", 31.5, 31.5, 0, 90],
		[255, "U18_1", 279.18, 805, "B", "SMD", "USB_VCC", "", "R", 36.61, 14.17, 0, 90],
		[256, "U18_2", 279.18, 755, "B", "SMD", "$1N977", "", "R", 36.61, 14.17, 0, 90],
		[257, "U19_1", 585.63, 415, "T", "DIP", "VBAT", "", "R", 59.05, 55.12, 33.46, 180],
		[258, "U19_1", 585.63, 415, "B", "DIP", "VBAT", "", "R", 59.05, 55.12, 33.46, 180],
		[259, "U19_2", 664.37, 415, "T", "DIP", "GND", "GND", "C", 55.12, 55.12, 33.46, 180],
		[260, "U19_2", 664.37, 415, "B", "DIP", "GND", "GND", "C", 55.12, 55.12, 33.46, 180],
		[261, "USB1_1", 259.22, 878.82, "B", "SMD", "$1N977", "", "R", 15.75, 82.68, 0, 90],
		[262, "USB1_2", 259.22, 904.41, "B", "SMD", "D-", "", "R", 15.75, 82.68, 0, 90],
		[263, "USB1_3", 259.22, 930, "B", "SMD", "D+", "", "R", 15.75, 82.68, 0, 90],
		[264, "USB1_4", 259.22, 955.59, "B", "SMD", "USB1_4", "", "R", 15.75, 82.68, 0, 90],
		[265, "USB1_5", 259.22, 981.18, "B", "SMD", "GND", "GND", "R", 15.75, 82.68, 0, 90],
		[266, "USB1_6", 227.72, 804.01, "B", "SMD", "GND", "GND", "R", 59.05, 39.37, 0, 90],
		[267, "USB1_6", 227.72, 1055.99, "B", "SMD", "GND", "GND", "R", 59.05, 39.37, 0, 90],
		[268, "USB1_6", 139.14, 886.69, "B", "SMD", "GND", "GND", "R", 51.18, 51.18, 0, 90],
		[269, "USB1_6", 139.14, 973.31, "B", "SMD", "GND", "GND", "R", 51.18, 51.18, 0, 90],
		[270, "USB1_6", 139.14, 1041.22, "T", "DIP", "GND", "GND", "O", 43.31, 94.49, 70.87, 90],
		[271, "USB1_6", 139.14, 1041.22, "B", "DIP", "GND", "GND", "O", 43.31, 94.49, 70.87, 90],
		[272, "USB1_6", 139.14, 818.78, "T", "DIP", "GND", "GND", "O", 43.31, 94.49, 70.87, 90],
		[273, "USB1_6", 139.14, 818.78, "B", "DIP", "GND", "GND", "O", 43.31, 94.49, 70.87, 90]
	]
}
}